sample-id	forward-absolute-filepath	reverse-absolute-filepath
00498	/home/dermot.kelly/Dermot_primary/microbiome_data/CT_lambs_microbiome_raw_files/00498_1.fastq.gz	/home/dermot.kelly/Dermot_primary/microbiome_data/CT_lambs_microbiome_raw_files/00498_2.fastq.gz
00794	/home/dermot.kelly/Dermot_primary/microbiome_data/CT_lambs_microbiome_raw_files/00794_1.fastq.gz	/home/dermot.kelly/Dermot_primary/microbiome_data/CT_lambs_microbiome_raw_files/00794_2.fastq.gz
00796	/home/dermot.kelly/Dermot_primary/microbiome_data/CT_lambs_microbiome_raw_files/00796_1.fastq.gz	/home/dermot.kelly/Dermot_primary/microbiome_data/CT_lambs_microbiome_raw_files/00796_2.fastq.gz
00811	/home/dermot.kelly/Dermot_primary/microbiome_data/CT_lambs_microbiome_raw_files/00811_1.fastq.gz	/home/dermot.kelly/Dermot_primary/microbiome_data/CT_lambs_microbiome_raw_files/00811_2.fastq.gz
00812	/home/dermot.kelly/Dermot_primary/microbiome_data/CT_lambs_microbiome_raw_files/00812_1.fastq.gz	/home/dermot.kelly/Dermot_primary/microbiome_data/CT_lambs_microbiome_raw_files/00812_2.fastq.gz
00815	/home/dermot.kelly/Dermot_primary/microbiome_data/CT_lambs_microbiome_raw_files/00815_1.fastq.gz	/home/dermot.kelly/Dermot_primary/microbiome_data/CT_lambs_microbiome_raw_files/00815_2.fastq.gz
00818	/home/dermot.kelly/Dermot_primary/microbiome_data/CT_lambs_microbiome_raw_files/00818_1.fastq.gz	/home/dermot.kelly/Dermot_primary/microbiome_data/CT_lambs_microbiome_raw_files/00818_2.fastq.gz
00819	/home/dermot.kelly/Dermot_primary/microbiome_data/CT_lambs_microbiome_raw_files/00819_1.fastq.gz	/home/dermot.kelly/Dermot_primary/microbiome_data/CT_lambs_microbiome_raw_files/00819_2.fastq.gz
00847	/home/dermot.kelly/Dermot_primary/microbiome_data/CT_lambs_microbiome_raw_files/00847_1.fastq.gz	/home/dermot.kelly/Dermot_primary/microbiome_data/CT_lambs_microbiome_raw_files/00847_2.fastq.gz
00875	/home/dermot.kelly/Dermot_primary/microbiome_data/CT_lambs_microbiome_raw_files/00875_1.fastq.gz	/home/dermot.kelly/Dermot_primary/microbiome_data/CT_lambs_microbiome_raw_files/00875_2.fastq.gz
00878	/home/dermot.kelly/Dermot_primary/microbiome_data/CT_lambs_microbiome_raw_files/00878_1.fastq.gz	/home/dermot.kelly/Dermot_primary/microbiome_data/CT_lambs_microbiome_raw_files/00878_2.fastq.gz
00880	/home/dermot.kelly/Dermot_primary/microbiome_data/CT_lambs_microbiome_raw_files/00880_1.fastq.gz	/home/dermot.kelly/Dermot_primary/microbiome_data/CT_lambs_microbiome_raw_files/00880_2.fastq.gz
00882	/home/dermot.kelly/Dermot_primary/microbiome_data/CT_lambs_microbiome_raw_files/00882_1.fastq.gz	/home/dermot.kelly/Dermot_primary/microbiome_data/CT_lambs_microbiome_raw_files/00882_2.fastq.gz
01691	/home/dermot.kelly/Dermot_primary/microbiome_data/CT_lambs_microbiome_raw_files/01691_1.fastq.gz	/home/dermot.kelly/Dermot_primary/microbiome_data/CT_lambs_microbiome_raw_files/01691_2.fastq.gz
01692	/home/dermot.kelly/Dermot_primary/microbiome_data/CT_lambs_microbiome_raw_files/01692_1.fastq.gz	/home/dermot.kelly/Dermot_primary/microbiome_data/CT_lambs_microbiome_raw_files/01692_2.fastq.gz
01693	/home/dermot.kelly/Dermot_primary/microbiome_data/CT_lambs_microbiome_raw_files/01693_1.fastq.gz	/home/dermot.kelly/Dermot_primary/microbiome_data/CT_lambs_microbiome_raw_files/01693_2.fastq.gz
01694	/home/dermot.kelly/Dermot_primary/microbiome_data/CT_lambs_microbiome_raw_files/01694_1.fastq.gz	/home/dermot.kelly/Dermot_primary/microbiome_data/CT_lambs_microbiome_raw_files/01694_2.fastq.gz
01695	/home/dermot.kelly/Dermot_primary/microbiome_data/CT_lambs_microbiome_raw_files/01695_1.fastq.gz	/home/dermot.kelly/Dermot_primary/microbiome_data/CT_lambs_microbiome_raw_files/01695_2.fastq.gz
01696	/home/dermot.kelly/Dermot_primary/microbiome_data/CT_lambs_microbiome_raw_files/01696_1.fastq.gz	/home/dermot.kelly/Dermot_primary/microbiome_data/CT_lambs_microbiome_raw_files/01696_2.fastq.gz
01697	/home/dermot.kelly/Dermot_primary/microbiome_data/CT_lambs_microbiome_raw_files/01697_1.fastq.gz	/home/dermot.kelly/Dermot_primary/microbiome_data/CT_lambs_microbiome_raw_files/01697_2.fastq.gz
01698	/home/dermot.kelly/Dermot_primary/microbiome_data/CT_lambs_microbiome_raw_files/01698_1.fastq.gz	/home/dermot.kelly/Dermot_primary/microbiome_data/CT_lambs_microbiome_raw_files/01698_2.fastq.gz
01700	/home/dermot.kelly/Dermot_primary/microbiome_data/CT_lambs_microbiome_raw_files/01700_1.fastq.gz	/home/dermot.kelly/Dermot_primary/microbiome_data/CT_lambs_microbiome_raw_files/01700_2.fastq.gz
02053	/home/dermot.kelly/Dermot_primary/microbiome_data/CT_lambs_microbiome_raw_files/02053_1.fastq.gz	/home/dermot.kelly/Dermot_primary/microbiome_data/CT_lambs_microbiome_raw_files/02053_2.fastq.gz
02056	/home/dermot.kelly/Dermot_primary/microbiome_data/CT_lambs_microbiome_raw_files/02056_1.fastq.gz	/home/dermot.kelly/Dermot_primary/microbiome_data/CT_lambs_microbiome_raw_files/02056_2.fastq.gz
02058	/home/dermot.kelly/Dermot_primary/microbiome_data/CT_lambs_microbiome_raw_files/02058_1.fastq.gz	/home/dermot.kelly/Dermot_primary/microbiome_data/CT_lambs_microbiome_raw_files/02058_2.fastq.gz
02227	/home/dermot.kelly/Dermot_primary/microbiome_data/CT_lambs_microbiome_raw_files/02227_1.fastq.gz	/home/dermot.kelly/Dermot_primary/microbiome_data/CT_lambs_microbiome_raw_files/02227_2.fastq.gz
02228	/home/dermot.kelly/Dermot_primary/microbiome_data/CT_lambs_microbiome_raw_files/02228_1.fastq.gz	/home/dermot.kelly/Dermot_primary/microbiome_data/CT_lambs_microbiome_raw_files/02228_2.fastq.gz
02229	/home/dermot.kelly/Dermot_primary/microbiome_data/CT_lambs_microbiome_raw_files/02229_1.fastq.gz	/home/dermot.kelly/Dermot_primary/microbiome_data/CT_lambs_microbiome_raw_files/02229_2.fastq.gz
02230	/home/dermot.kelly/Dermot_primary/microbiome_data/CT_lambs_microbiome_raw_files/02230_1.fastq.gz	/home/dermot.kelly/Dermot_primary/microbiome_data/CT_lambs_microbiome_raw_files/02230_2.fastq.gz
02254	/home/dermot.kelly/Dermot_primary/microbiome_data/CT_lambs_microbiome_raw_files/02254_1.fastq.gz	/home/dermot.kelly/Dermot_primary/microbiome_data/CT_lambs_microbiome_raw_files/02254_2.fastq.gz
02255	/home/dermot.kelly/Dermot_primary/microbiome_data/CT_lambs_microbiome_raw_files/02255_1.fastq.gz	/home/dermot.kelly/Dermot_primary/microbiome_data/CT_lambs_microbiome_raw_files/02255_2.fastq.gz
02256	/home/dermot.kelly/Dermot_primary/microbiome_data/CT_lambs_microbiome_raw_files/02256_1.fastq.gz	/home/dermot.kelly/Dermot_primary/microbiome_data/CT_lambs_microbiome_raw_files/02256_2.fastq.gz
02257	/home/dermot.kelly/Dermot_primary/microbiome_data/CT_lambs_microbiome_raw_files/02257_1.fastq.gz	/home/dermot.kelly/Dermot_primary/microbiome_data/CT_lambs_microbiome_raw_files/02257_2.fastq.gz
02259	/home/dermot.kelly/Dermot_primary/microbiome_data/CT_lambs_microbiome_raw_files/02259_1.fastq.gz	/home/dermot.kelly/Dermot_primary/microbiome_data/CT_lambs_microbiome_raw_files/02259_2.fastq.gz
02261	/home/dermot.kelly/Dermot_primary/microbiome_data/CT_lambs_microbiome_raw_files/02261_1.fastq.gz	/home/dermot.kelly/Dermot_primary/microbiome_data/CT_lambs_microbiome_raw_files/02261_2.fastq.gz
02264	/home/dermot.kelly/Dermot_primary/microbiome_data/CT_lambs_microbiome_raw_files/02264_1.fastq.gz	/home/dermot.kelly/Dermot_primary/microbiome_data/CT_lambs_microbiome_raw_files/02264_2.fastq.gz
02266	/home/dermot.kelly/Dermot_primary/microbiome_data/CT_lambs_microbiome_raw_files/02266_1.fastq.gz	/home/dermot.kelly/Dermot_primary/microbiome_data/CT_lambs_microbiome_raw_files/02266_2.fastq.gz
02269	/home/dermot.kelly/Dermot_primary/microbiome_data/CT_lambs_microbiome_raw_files/02269_1.fastq.gz	/home/dermot.kelly/Dermot_primary/microbiome_data/CT_lambs_microbiome_raw_files/02269_2.fastq.gz
02270	/home/dermot.kelly/Dermot_primary/microbiome_data/CT_lambs_microbiome_raw_files/02270_1.fastq.gz	/home/dermot.kelly/Dermot_primary/microbiome_data/CT_lambs_microbiome_raw_files/02270_2.fastq.gz
02331	/home/dermot.kelly/Dermot_primary/microbiome_data/CT_lambs_microbiome_raw_files/02331_1.fastq.gz	/home/dermot.kelly/Dermot_primary/microbiome_data/CT_lambs_microbiome_raw_files/02331_2.fastq.gz
02332	/home/dermot.kelly/Dermot_primary/microbiome_data/CT_lambs_microbiome_raw_files/02332_1.fastq.gz	/home/dermot.kelly/Dermot_primary/microbiome_data/CT_lambs_microbiome_raw_files/02332_2.fastq.gz
02333	/home/dermot.kelly/Dermot_primary/microbiome_data/CT_lambs_microbiome_raw_files/02333_1.fastq.gz	/home/dermot.kelly/Dermot_primary/microbiome_data/CT_lambs_microbiome_raw_files/02333_2.fastq.gz
02334	/home/dermot.kelly/Dermot_primary/microbiome_data/CT_lambs_microbiome_raw_files/02334_1.fastq.gz	/home/dermot.kelly/Dermot_primary/microbiome_data/CT_lambs_microbiome_raw_files/02334_2.fastq.gz
02335	/home/dermot.kelly/Dermot_primary/microbiome_data/CT_lambs_microbiome_raw_files/02335_1.fastq.gz	/home/dermot.kelly/Dermot_primary/microbiome_data/CT_lambs_microbiome_raw_files/02335_2.fastq.gz
02414	/home/dermot.kelly/Dermot_primary/microbiome_data/CT_lambs_microbiome_raw_files/02414_1.fastq.gz	/home/dermot.kelly/Dermot_primary/microbiome_data/CT_lambs_microbiome_raw_files/02414_2.fastq.gz
02418	/home/dermot.kelly/Dermot_primary/microbiome_data/CT_lambs_microbiome_raw_files/02418_1.fastq.gz	/home/dermot.kelly/Dermot_primary/microbiome_data/CT_lambs_microbiome_raw_files/02418_2.fastq.gz
02513	/home/dermot.kelly/Dermot_primary/microbiome_data/CT_lambs_microbiome_raw_files/02513_1.fastq.gz	/home/dermot.kelly/Dermot_primary/microbiome_data/CT_lambs_microbiome_raw_files/02513_2.fastq.gz
02569	/home/dermot.kelly/Dermot_primary/microbiome_data/CT_lambs_microbiome_raw_files/02569_1.fastq.gz	/home/dermot.kelly/Dermot_primary/microbiome_data/CT_lambs_microbiome_raw_files/02569_2.fastq.gz
02572	/home/dermot.kelly/Dermot_primary/microbiome_data/CT_lambs_microbiome_raw_files/02572_1.fastq.gz	/home/dermot.kelly/Dermot_primary/microbiome_data/CT_lambs_microbiome_raw_files/02572_2.fastq.gz
02573	/home/dermot.kelly/Dermot_primary/microbiome_data/CT_lambs_microbiome_raw_files/02573_1.fastq.gz	/home/dermot.kelly/Dermot_primary/microbiome_data/CT_lambs_microbiome_raw_files/02573_2.fastq.gz
02576	/home/dermot.kelly/Dermot_primary/microbiome_data/CT_lambs_microbiome_raw_files/02576_1.fastq.gz	/home/dermot.kelly/Dermot_primary/microbiome_data/CT_lambs_microbiome_raw_files/02576_2.fastq.gz
02580	/home/dermot.kelly/Dermot_primary/microbiome_data/CT_lambs_microbiome_raw_files/02580_1.fastq.gz	/home/dermot.kelly/Dermot_primary/microbiome_data/CT_lambs_microbiome_raw_files/02580_2.fastq.gz
02587	/home/dermot.kelly/Dermot_primary/microbiome_data/CT_lambs_microbiome_raw_files/02587_1.fastq.gz	/home/dermot.kelly/Dermot_primary/microbiome_data/CT_lambs_microbiome_raw_files/02587_2.fastq.gz
03670	/home/dermot.kelly/Dermot_primary/microbiome_data/CT_lambs_microbiome_raw_files/03670_1.fastq.gz	/home/dermot.kelly/Dermot_primary/microbiome_data/CT_lambs_microbiome_raw_files/03670_2.fastq.gz
03671	/home/dermot.kelly/Dermot_primary/microbiome_data/CT_lambs_microbiome_raw_files/03671_1.fastq.gz	/home/dermot.kelly/Dermot_primary/microbiome_data/CT_lambs_microbiome_raw_files/03671_2.fastq.gz
03672	/home/dermot.kelly/Dermot_primary/microbiome_data/CT_lambs_microbiome_raw_files/03672_1.fastq.gz	/home/dermot.kelly/Dermot_primary/microbiome_data/CT_lambs_microbiome_raw_files/03672_2.fastq.gz
03673	/home/dermot.kelly/Dermot_primary/microbiome_data/CT_lambs_microbiome_raw_files/03673_1.fastq.gz	/home/dermot.kelly/Dermot_primary/microbiome_data/CT_lambs_microbiome_raw_files/03673_2.fastq.gz
03675	/home/dermot.kelly/Dermot_primary/microbiome_data/CT_lambs_microbiome_raw_files/03675_1.fastq.gz	/home/dermot.kelly/Dermot_primary/microbiome_data/CT_lambs_microbiome_raw_files/03675_2.fastq.gz
03677	/home/dermot.kelly/Dermot_primary/microbiome_data/CT_lambs_microbiome_raw_files/03677_1.fastq.gz	/home/dermot.kelly/Dermot_primary/microbiome_data/CT_lambs_microbiome_raw_files/03677_2.fastq.gz
03678	/home/dermot.kelly/Dermot_primary/microbiome_data/CT_lambs_microbiome_raw_files/03678_1.fastq.gz	/home/dermot.kelly/Dermot_primary/microbiome_data/CT_lambs_microbiome_raw_files/03678_2.fastq.gz
03679	/home/dermot.kelly/Dermot_primary/microbiome_data/CT_lambs_microbiome_raw_files/03679_1.fastq.gz	/home/dermot.kelly/Dermot_primary/microbiome_data/CT_lambs_microbiome_raw_files/03679_2.fastq.gz
03682	/home/dermot.kelly/Dermot_primary/microbiome_data/CT_lambs_microbiome_raw_files/03682_1.fastq.gz	/home/dermot.kelly/Dermot_primary/microbiome_data/CT_lambs_microbiome_raw_files/03682_2.fastq.gz
03690	/home/dermot.kelly/Dermot_primary/microbiome_data/CT_lambs_microbiome_raw_files/03690_1.fastq.gz	/home/dermot.kelly/Dermot_primary/microbiome_data/CT_lambs_microbiome_raw_files/03690_2.fastq.gz
03694	/home/dermot.kelly/Dermot_primary/microbiome_data/CT_lambs_microbiome_raw_files/03694_1.fastq.gz	/home/dermot.kelly/Dermot_primary/microbiome_data/CT_lambs_microbiome_raw_files/03694_2.fastq.gz
03695	/home/dermot.kelly/Dermot_primary/microbiome_data/CT_lambs_microbiome_raw_files/03695_1.fastq.gz	/home/dermot.kelly/Dermot_primary/microbiome_data/CT_lambs_microbiome_raw_files/03695_2.fastq.gz
03759	/home/dermot.kelly/Dermot_primary/microbiome_data/CT_lambs_microbiome_raw_files/03759_1.fastq.gz	/home/dermot.kelly/Dermot_primary/microbiome_data/CT_lambs_microbiome_raw_files/03759_2.fastq.gz
03765	/home/dermot.kelly/Dermot_primary/microbiome_data/CT_lambs_microbiome_raw_files/03765_1.fastq.gz	/home/dermot.kelly/Dermot_primary/microbiome_data/CT_lambs_microbiome_raw_files/03765_2.fastq.gz
03968	/home/dermot.kelly/Dermot_primary/microbiome_data/CT_lambs_microbiome_raw_files/03968_1.fastq.gz	/home/dermot.kelly/Dermot_primary/microbiome_data/CT_lambs_microbiome_raw_files/03968_2.fastq.gz
03990	/home/dermot.kelly/Dermot_primary/microbiome_data/CT_lambs_microbiome_raw_files/03990_1.fastq.gz	/home/dermot.kelly/Dermot_primary/microbiome_data/CT_lambs_microbiome_raw_files/03990_2.fastq.gz
04332	/home/dermot.kelly/Dermot_primary/microbiome_data/CT_lambs_microbiome_raw_files/04332_1.fastq.gz	/home/dermot.kelly/Dermot_primary/microbiome_data/CT_lambs_microbiome_raw_files/04332_2.fastq.gz
04333	/home/dermot.kelly/Dermot_primary/microbiome_data/CT_lambs_microbiome_raw_files/04333_1.fastq.gz	/home/dermot.kelly/Dermot_primary/microbiome_data/CT_lambs_microbiome_raw_files/04333_2.fastq.gz
04334	/home/dermot.kelly/Dermot_primary/microbiome_data/CT_lambs_microbiome_raw_files/04334_1.fastq.gz	/home/dermot.kelly/Dermot_primary/microbiome_data/CT_lambs_microbiome_raw_files/04334_2.fastq.gz
04335	/home/dermot.kelly/Dermot_primary/microbiome_data/CT_lambs_microbiome_raw_files/04335_1.fastq.gz	/home/dermot.kelly/Dermot_primary/microbiome_data/CT_lambs_microbiome_raw_files/04335_2.fastq.gz
04336	/home/dermot.kelly/Dermot_primary/microbiome_data/CT_lambs_microbiome_raw_files/04336_1.fastq.gz	/home/dermot.kelly/Dermot_primary/microbiome_data/CT_lambs_microbiome_raw_files/04336_2.fastq.gz
04337	/home/dermot.kelly/Dermot_primary/microbiome_data/CT_lambs_microbiome_raw_files/04337_1.fastq.gz	/home/dermot.kelly/Dermot_primary/microbiome_data/CT_lambs_microbiome_raw_files/04337_2.fastq.gz
04338	/home/dermot.kelly/Dermot_primary/microbiome_data/CT_lambs_microbiome_raw_files/04338_1.fastq.gz	/home/dermot.kelly/Dermot_primary/microbiome_data/CT_lambs_microbiome_raw_files/04338_2.fastq.gz
04339	/home/dermot.kelly/Dermot_primary/microbiome_data/CT_lambs_microbiome_raw_files/04339_1.fastq.gz	/home/dermot.kelly/Dermot_primary/microbiome_data/CT_lambs_microbiome_raw_files/04339_2.fastq.gz
04340	/home/dermot.kelly/Dermot_primary/microbiome_data/CT_lambs_microbiome_raw_files/04340_1.fastq.gz	/home/dermot.kelly/Dermot_primary/microbiome_data/CT_lambs_microbiome_raw_files/04340_2.fastq.gz
04341	/home/dermot.kelly/Dermot_primary/microbiome_data/CT_lambs_microbiome_raw_files/04341_1.fastq.gz	/home/dermot.kelly/Dermot_primary/microbiome_data/CT_lambs_microbiome_raw_files/04341_2.fastq.gz
05491	/home/dermot.kelly/Dermot_primary/microbiome_data/CT_lambs_microbiome_raw_files/05491_1.fastq.gz	/home/dermot.kelly/Dermot_primary/microbiome_data/CT_lambs_microbiome_raw_files/05491_2.fastq.gz
05492	/home/dermot.kelly/Dermot_primary/microbiome_data/CT_lambs_microbiome_raw_files/05492_1.fastq.gz	/home/dermot.kelly/Dermot_primary/microbiome_data/CT_lambs_microbiome_raw_files/05492_2.fastq.gz
05493	/home/dermot.kelly/Dermot_primary/microbiome_data/CT_lambs_microbiome_raw_files/05493_1.fastq.gz	/home/dermot.kelly/Dermot_primary/microbiome_data/CT_lambs_microbiome_raw_files/05493_2.fastq.gz
05494	/home/dermot.kelly/Dermot_primary/microbiome_data/CT_lambs_microbiome_raw_files/05494_1.fastq.gz	/home/dermot.kelly/Dermot_primary/microbiome_data/CT_lambs_microbiome_raw_files/05494_2.fastq.gz
05495	/home/dermot.kelly/Dermot_primary/microbiome_data/CT_lambs_microbiome_raw_files/05495_1.fastq.gz	/home/dermot.kelly/Dermot_primary/microbiome_data/CT_lambs_microbiome_raw_files/05495_2.fastq.gz
05496	/home/dermot.kelly/Dermot_primary/microbiome_data/CT_lambs_microbiome_raw_files/05496_1.fastq.gz	/home/dermot.kelly/Dermot_primary/microbiome_data/CT_lambs_microbiome_raw_files/05496_2.fastq.gz
05497	/home/dermot.kelly/Dermot_primary/microbiome_data/CT_lambs_microbiome_raw_files/05497_1.fastq.gz	/home/dermot.kelly/Dermot_primary/microbiome_data/CT_lambs_microbiome_raw_files/05497_2.fastq.gz
05498	/home/dermot.kelly/Dermot_primary/microbiome_data/CT_lambs_microbiome_raw_files/05498_1.fastq.gz	/home/dermot.kelly/Dermot_primary/microbiome_data/CT_lambs_microbiome_raw_files/05498_2.fastq.gz
05499	/home/dermot.kelly/Dermot_primary/microbiome_data/CT_lambs_microbiome_raw_files/05499_1.fastq.gz	/home/dermot.kelly/Dermot_primary/microbiome_data/CT_lambs_microbiome_raw_files/05499_2.fastq.gz
05500	/home/dermot.kelly/Dermot_primary/microbiome_data/CT_lambs_microbiome_raw_files/05500_1.fastq.gz	/home/dermot.kelly/Dermot_primary/microbiome_data/CT_lambs_microbiome_raw_files/05500_2.fastq.gz
05501	/home/dermot.kelly/Dermot_primary/microbiome_data/CT_lambs_microbiome_raw_files/05501_1.fastq.gz	/home/dermot.kelly/Dermot_primary/microbiome_data/CT_lambs_microbiome_raw_files/05501_2.fastq.gz
05502	/home/dermot.kelly/Dermot_primary/microbiome_data/CT_lambs_microbiome_raw_files/05502_1.fastq.gz	/home/dermot.kelly/Dermot_primary/microbiome_data/CT_lambs_microbiome_raw_files/05502_2.fastq.gz
05503	/home/dermot.kelly/Dermot_primary/microbiome_data/CT_lambs_microbiome_raw_files/05503_1.fastq.gz	/home/dermot.kelly/Dermot_primary/microbiome_data/CT_lambs_microbiome_raw_files/05503_2.fastq.gz
05504	/home/dermot.kelly/Dermot_primary/microbiome_data/CT_lambs_microbiome_raw_files/05504_1.fastq.gz	/home/dermot.kelly/Dermot_primary/microbiome_data/CT_lambs_microbiome_raw_files/05504_2.fastq.gz
05506	/home/dermot.kelly/Dermot_primary/microbiome_data/CT_lambs_microbiome_raw_files/05506_1.fastq.gz	/home/dermot.kelly/Dermot_primary/microbiome_data/CT_lambs_microbiome_raw_files/05506_2.fastq.gz
05507	/home/dermot.kelly/Dermot_primary/microbiome_data/CT_lambs_microbiome_raw_files/05507_1.fastq.gz	/home/dermot.kelly/Dermot_primary/microbiome_data/CT_lambs_microbiome_raw_files/05507_2.fastq.gz
05508	/home/dermot.kelly/Dermot_primary/microbiome_data/CT_lambs_microbiome_raw_files/05508_1.fastq.gz	/home/dermot.kelly/Dermot_primary/microbiome_data/CT_lambs_microbiome_raw_files/05508_2.fastq.gz
07286	/home/dermot.kelly/Dermot_primary/microbiome_data/CT_lambs_microbiome_raw_files/07286_1.fastq.gz	/home/dermot.kelly/Dermot_primary/microbiome_data/CT_lambs_microbiome_raw_files/07286_2.fastq.gz
07334	/home/dermot.kelly/Dermot_primary/microbiome_data/CT_lambs_microbiome_raw_files/07334_1.fastq.gz	/home/dermot.kelly/Dermot_primary/microbiome_data/CT_lambs_microbiome_raw_files/07334_2.fastq.gz
07353	/home/dermot.kelly/Dermot_primary/microbiome_data/CT_lambs_microbiome_raw_files/07353_1.fastq.gz	/home/dermot.kelly/Dermot_primary/microbiome_data/CT_lambs_microbiome_raw_files/07353_2.fastq.gz
07364	/home/dermot.kelly/Dermot_primary/microbiome_data/CT_lambs_microbiome_raw_files/07364_1.fastq.gz	/home/dermot.kelly/Dermot_primary/microbiome_data/CT_lambs_microbiome_raw_files/07364_2.fastq.gz
07391	/home/dermot.kelly/Dermot_primary/microbiome_data/CT_lambs_microbiome_raw_files/07391_1.fastq.gz	/home/dermot.kelly/Dermot_primary/microbiome_data/CT_lambs_microbiome_raw_files/07391_2.fastq.gz
07410	/home/dermot.kelly/Dermot_primary/microbiome_data/CT_lambs_microbiome_raw_files/07410_1.fastq.gz	/home/dermot.kelly/Dermot_primary/microbiome_data/CT_lambs_microbiome_raw_files/07410_2.fastq.gz
07460	/home/dermot.kelly/Dermot_primary/microbiome_data/CT_lambs_microbiome_raw_files/07460_1.fastq.gz	/home/dermot.kelly/Dermot_primary/microbiome_data/CT_lambs_microbiome_raw_files/07460_2.fastq.gz
07463	/home/dermot.kelly/Dermot_primary/microbiome_data/CT_lambs_microbiome_raw_files/07463_1.fastq.gz	/home/dermot.kelly/Dermot_primary/microbiome_data/CT_lambs_microbiome_raw_files/07463_2.fastq.gz
07467	/home/dermot.kelly/Dermot_primary/microbiome_data/CT_lambs_microbiome_raw_files/07467_1.fastq.gz	/home/dermot.kelly/Dermot_primary/microbiome_data/CT_lambs_microbiome_raw_files/07467_2.fastq.gz
07471	/home/dermot.kelly/Dermot_primary/microbiome_data/CT_lambs_microbiome_raw_files/07471_1.fastq.gz	/home/dermot.kelly/Dermot_primary/microbiome_data/CT_lambs_microbiome_raw_files/07471_2.fastq.gz
07474	/home/dermot.kelly/Dermot_primary/microbiome_data/CT_lambs_microbiome_raw_files/07474_1.fastq.gz	/home/dermot.kelly/Dermot_primary/microbiome_data/CT_lambs_microbiome_raw_files/07474_2.fastq.gz
07481	/home/dermot.kelly/Dermot_primary/microbiome_data/CT_lambs_microbiome_raw_files/07481_1.fastq.gz	/home/dermot.kelly/Dermot_primary/microbiome_data/CT_lambs_microbiome_raw_files/07481_2.fastq.gz
07485	/home/dermot.kelly/Dermot_primary/microbiome_data/CT_lambs_microbiome_raw_files/07485_1.fastq.gz	/home/dermot.kelly/Dermot_primary/microbiome_data/CT_lambs_microbiome_raw_files/07485_2.fastq.gz
11550	/home/dermot.kelly/Dermot_primary/microbiome_data/CT_lambs_microbiome_raw_files/11550_1.fastq.gz	/home/dermot.kelly/Dermot_primary/microbiome_data/CT_lambs_microbiome_raw_files/11550_2.fastq.gz
11553	/home/dermot.kelly/Dermot_primary/microbiome_data/CT_lambs_microbiome_raw_files/11553_1.fastq.gz	/home/dermot.kelly/Dermot_primary/microbiome_data/CT_lambs_microbiome_raw_files/11553_2.fastq.gz
11559	/home/dermot.kelly/Dermot_primary/microbiome_data/CT_lambs_microbiome_raw_files/11559_1.fastq.gz	/home/dermot.kelly/Dermot_primary/microbiome_data/CT_lambs_microbiome_raw_files/11559_2.fastq.gz
11563	/home/dermot.kelly/Dermot_primary/microbiome_data/CT_lambs_microbiome_raw_files/11563_1.fastq.gz	/home/dermot.kelly/Dermot_primary/microbiome_data/CT_lambs_microbiome_raw_files/11563_2.fastq.gz
11564	/home/dermot.kelly/Dermot_primary/microbiome_data/CT_lambs_microbiome_raw_files/11564_1.fastq.gz	/home/dermot.kelly/Dermot_primary/microbiome_data/CT_lambs_microbiome_raw_files/11564_2.fastq.gz
11565	/home/dermot.kelly/Dermot_primary/microbiome_data/CT_lambs_microbiome_raw_files/11565_1.fastq.gz	/home/dermot.kelly/Dermot_primary/microbiome_data/CT_lambs_microbiome_raw_files/11565_2.fastq.gz
11566	/home/dermot.kelly/Dermot_primary/microbiome_data/CT_lambs_microbiome_raw_files/11566_1.fastq.gz	/home/dermot.kelly/Dermot_primary/microbiome_data/CT_lambs_microbiome_raw_files/11566_2.fastq.gz
11567	/home/dermot.kelly/Dermot_primary/microbiome_data/CT_lambs_microbiome_raw_files/11567_1.fastq.gz	/home/dermot.kelly/Dermot_primary/microbiome_data/CT_lambs_microbiome_raw_files/11567_2.fastq.gz
11569	/home/dermot.kelly/Dermot_primary/microbiome_data/CT_lambs_microbiome_raw_files/11569_1.fastq.gz	/home/dermot.kelly/Dermot_primary/microbiome_data/CT_lambs_microbiome_raw_files/11569_2.fastq.gz
11588	/home/dermot.kelly/Dermot_primary/microbiome_data/CT_lambs_microbiome_raw_files/11588_1.fastq.gz	/home/dermot.kelly/Dermot_primary/microbiome_data/CT_lambs_microbiome_raw_files/11588_2.fastq.gz
11594	/home/dermot.kelly/Dermot_primary/microbiome_data/CT_lambs_microbiome_raw_files/11594_1.fastq.gz	/home/dermot.kelly/Dermot_primary/microbiome_data/CT_lambs_microbiome_raw_files/11594_2.fastq.gz
11595	/home/dermot.kelly/Dermot_primary/microbiome_data/CT_lambs_microbiome_raw_files/11595_1.fastq.gz	/home/dermot.kelly/Dermot_primary/microbiome_data/CT_lambs_microbiome_raw_files/11595_2.fastq.gz
11602	/home/dermot.kelly/Dermot_primary/microbiome_data/CT_lambs_microbiome_raw_files/11602_1.fastq.gz	/home/dermot.kelly/Dermot_primary/microbiome_data/CT_lambs_microbiome_raw_files/11602_2.fastq.gz
11604	/home/dermot.kelly/Dermot_primary/microbiome_data/CT_lambs_microbiome_raw_files/11604_1.fastq.gz	/home/dermot.kelly/Dermot_primary/microbiome_data/CT_lambs_microbiome_raw_files/11604_2.fastq.gz
11608	/home/dermot.kelly/Dermot_primary/microbiome_data/CT_lambs_microbiome_raw_files/11608_1.fastq.gz	/home/dermot.kelly/Dermot_primary/microbiome_data/CT_lambs_microbiome_raw_files/11608_2.fastq.gz
11616	/home/dermot.kelly/Dermot_primary/microbiome_data/CT_lambs_microbiome_raw_files/11616_1.fastq.gz	/home/dermot.kelly/Dermot_primary/microbiome_data/CT_lambs_microbiome_raw_files/11616_2.fastq.gz
11624	/home/dermot.kelly/Dermot_primary/microbiome_data/CT_lambs_microbiome_raw_files/11624_1.fastq.gz	/home/dermot.kelly/Dermot_primary/microbiome_data/CT_lambs_microbiome_raw_files/11624_2.fastq.gz
11626	/home/dermot.kelly/Dermot_primary/microbiome_data/CT_lambs_microbiome_raw_files/11626_1.fastq.gz	/home/dermot.kelly/Dermot_primary/microbiome_data/CT_lambs_microbiome_raw_files/11626_2.fastq.gz
11638	/home/dermot.kelly/Dermot_primary/microbiome_data/CT_lambs_microbiome_raw_files/11638_1.fastq.gz	/home/dermot.kelly/Dermot_primary/microbiome_data/CT_lambs_microbiome_raw_files/11638_2.fastq.gz
11641	/home/dermot.kelly/Dermot_primary/microbiome_data/CT_lambs_microbiome_raw_files/11641_1.fastq.gz	/home/dermot.kelly/Dermot_primary/microbiome_data/CT_lambs_microbiome_raw_files/11641_2.fastq.gz
11643	/home/dermot.kelly/Dermot_primary/microbiome_data/CT_lambs_microbiome_raw_files/11643_1.fastq.gz	/home/dermot.kelly/Dermot_primary/microbiome_data/CT_lambs_microbiome_raw_files/11643_2.fastq.gz
11644	/home/dermot.kelly/Dermot_primary/microbiome_data/CT_lambs_microbiome_raw_files/11644_1.fastq.gz	/home/dermot.kelly/Dermot_primary/microbiome_data/CT_lambs_microbiome_raw_files/11644_2.fastq.gz
11645	/home/dermot.kelly/Dermot_primary/microbiome_data/CT_lambs_microbiome_raw_files/11645_1.fastq.gz	/home/dermot.kelly/Dermot_primary/microbiome_data/CT_lambs_microbiome_raw_files/11645_2.fastq.gz
11657	/home/dermot.kelly/Dermot_primary/microbiome_data/CT_lambs_microbiome_raw_files/11657_1.fastq.gz	/home/dermot.kelly/Dermot_primary/microbiome_data/CT_lambs_microbiome_raw_files/11657_2.fastq.gz
11658	/home/dermot.kelly/Dermot_primary/microbiome_data/CT_lambs_microbiome_raw_files/11658_1.fastq.gz	/home/dermot.kelly/Dermot_primary/microbiome_data/CT_lambs_microbiome_raw_files/11658_2.fastq.gz
11664	/home/dermot.kelly/Dermot_primary/microbiome_data/CT_lambs_microbiome_raw_files/11664_1.fastq.gz	/home/dermot.kelly/Dermot_primary/microbiome_data/CT_lambs_microbiome_raw_files/11664_2.fastq.gz
11678	/home/dermot.kelly/Dermot_primary/microbiome_data/CT_lambs_microbiome_raw_files/11678_1.fastq.gz	/home/dermot.kelly/Dermot_primary/microbiome_data/CT_lambs_microbiome_raw_files/11678_2.fastq.gz
11680	/home/dermot.kelly/Dermot_primary/microbiome_data/CT_lambs_microbiome_raw_files/11680_1.fastq.gz	/home/dermot.kelly/Dermot_primary/microbiome_data/CT_lambs_microbiome_raw_files/11680_2.fastq.gz
11697	/home/dermot.kelly/Dermot_primary/microbiome_data/CT_lambs_microbiome_raw_files/11697_1.fastq.gz	/home/dermot.kelly/Dermot_primary/microbiome_data/CT_lambs_microbiome_raw_files/11697_2.fastq.gz
11699	/home/dermot.kelly/Dermot_primary/microbiome_data/CT_lambs_microbiome_raw_files/11699_1.fastq.gz	/home/dermot.kelly/Dermot_primary/microbiome_data/CT_lambs_microbiome_raw_files/11699_2.fastq.gz
11701	/home/dermot.kelly/Dermot_primary/microbiome_data/CT_lambs_microbiome_raw_files/11701_1.fastq.gz	/home/dermot.kelly/Dermot_primary/microbiome_data/CT_lambs_microbiome_raw_files/11701_2.fastq.gz
11713	/home/dermot.kelly/Dermot_primary/microbiome_data/CT_lambs_microbiome_raw_files/11713_1.fastq.gz	/home/dermot.kelly/Dermot_primary/microbiome_data/CT_lambs_microbiome_raw_files/11713_2.fastq.gz
11714	/home/dermot.kelly/Dermot_primary/microbiome_data/CT_lambs_microbiome_raw_files/11714_1.fastq.gz	/home/dermot.kelly/Dermot_primary/microbiome_data/CT_lambs_microbiome_raw_files/11714_2.fastq.gz
11739	/home/dermot.kelly/Dermot_primary/microbiome_data/CT_lambs_microbiome_raw_files/11739_1.fastq.gz	/home/dermot.kelly/Dermot_primary/microbiome_data/CT_lambs_microbiome_raw_files/11739_2.fastq.gz
11746	/home/dermot.kelly/Dermot_primary/microbiome_data/CT_lambs_microbiome_raw_files/11746_1.fastq.gz	/home/dermot.kelly/Dermot_primary/microbiome_data/CT_lambs_microbiome_raw_files/11746_2.fastq.gz
11756	/home/dermot.kelly/Dermot_primary/microbiome_data/CT_lambs_microbiome_raw_files/11756_1.fastq.gz	/home/dermot.kelly/Dermot_primary/microbiome_data/CT_lambs_microbiome_raw_files/11756_2.fastq.gz
11757	/home/dermot.kelly/Dermot_primary/microbiome_data/CT_lambs_microbiome_raw_files/11757_1.fastq.gz	/home/dermot.kelly/Dermot_primary/microbiome_data/CT_lambs_microbiome_raw_files/11757_2.fastq.gz
11763	/home/dermot.kelly/Dermot_primary/microbiome_data/CT_lambs_microbiome_raw_files/11763_1.fastq.gz	/home/dermot.kelly/Dermot_primary/microbiome_data/CT_lambs_microbiome_raw_files/11763_2.fastq.gz
11764	/home/dermot.kelly/Dermot_primary/microbiome_data/CT_lambs_microbiome_raw_files/11764_1.fastq.gz	/home/dermot.kelly/Dermot_primary/microbiome_data/CT_lambs_microbiome_raw_files/11764_2.fastq.gz
11778	/home/dermot.kelly/Dermot_primary/microbiome_data/CT_lambs_microbiome_raw_files/11778_1.fastq.gz	/home/dermot.kelly/Dermot_primary/microbiome_data/CT_lambs_microbiome_raw_files/11778_2.fastq.gz
11786	/home/dermot.kelly/Dermot_primary/microbiome_data/CT_lambs_microbiome_raw_files/11786_1.fastq.gz	/home/dermot.kelly/Dermot_primary/microbiome_data/CT_lambs_microbiome_raw_files/11786_2.fastq.gz
11790	/home/dermot.kelly/Dermot_primary/microbiome_data/CT_lambs_microbiome_raw_files/11790_1.fastq.gz	/home/dermot.kelly/Dermot_primary/microbiome_data/CT_lambs_microbiome_raw_files/11790_2.fastq.gz
11791	/home/dermot.kelly/Dermot_primary/microbiome_data/CT_lambs_microbiome_raw_files/11791_1.fastq.gz	/home/dermot.kelly/Dermot_primary/microbiome_data/CT_lambs_microbiome_raw_files/11791_2.fastq.gz
11812	/home/dermot.kelly/Dermot_primary/microbiome_data/CT_lambs_microbiome_raw_files/11812_1.fastq.gz	/home/dermot.kelly/Dermot_primary/microbiome_data/CT_lambs_microbiome_raw_files/11812_2.fastq.gz
11831	/home/dermot.kelly/Dermot_primary/microbiome_data/CT_lambs_microbiome_raw_files/11831_1.fastq.gz	/home/dermot.kelly/Dermot_primary/microbiome_data/CT_lambs_microbiome_raw_files/11831_2.fastq.gz
11868	/home/dermot.kelly/Dermot_primary/microbiome_data/CT_lambs_microbiome_raw_files/11868_1.fastq.gz	/home/dermot.kelly/Dermot_primary/microbiome_data/CT_lambs_microbiome_raw_files/11868_2.fastq.gz
11879	/home/dermot.kelly/Dermot_primary/microbiome_data/CT_lambs_microbiome_raw_files/11879_1.fastq.gz	/home/dermot.kelly/Dermot_primary/microbiome_data/CT_lambs_microbiome_raw_files/11879_2.fastq.gz
11891	/home/dermot.kelly/Dermot_primary/microbiome_data/CT_lambs_microbiome_raw_files/11891_1.fastq.gz	/home/dermot.kelly/Dermot_primary/microbiome_data/CT_lambs_microbiome_raw_files/11891_2.fastq.gz
11903	/home/dermot.kelly/Dermot_primary/microbiome_data/CT_lambs_microbiome_raw_files/11903_1.fastq.gz	/home/dermot.kelly/Dermot_primary/microbiome_data/CT_lambs_microbiome_raw_files/11903_2.fastq.gz
11904	/home/dermot.kelly/Dermot_primary/microbiome_data/CT_lambs_microbiome_raw_files/11904_1.fastq.gz	/home/dermot.kelly/Dermot_primary/microbiome_data/CT_lambs_microbiome_raw_files/11904_2.fastq.gz
11908	/home/dermot.kelly/Dermot_primary/microbiome_data/CT_lambs_microbiome_raw_files/11908_1.fastq.gz	/home/dermot.kelly/Dermot_primary/microbiome_data/CT_lambs_microbiome_raw_files/11908_2.fastq.gz
11941	/home/dermot.kelly/Dermot_primary/microbiome_data/CT_lambs_microbiome_raw_files/11941_1.fastq.gz	/home/dermot.kelly/Dermot_primary/microbiome_data/CT_lambs_microbiome_raw_files/11941_2.fastq.gz
11988	/home/dermot.kelly/Dermot_primary/microbiome_data/CT_lambs_microbiome_raw_files/11988_1.fastq.gz	/home/dermot.kelly/Dermot_primary/microbiome_data/CT_lambs_microbiome_raw_files/11988_2.fastq.gz
11995	/home/dermot.kelly/Dermot_primary/microbiome_data/CT_lambs_microbiome_raw_files/11995_1.fastq.gz	/home/dermot.kelly/Dermot_primary/microbiome_data/CT_lambs_microbiome_raw_files/11995_2.fastq.gz
12000	/home/dermot.kelly/Dermot_primary/microbiome_data/CT_lambs_microbiome_raw_files/12000_1.fastq.gz	/home/dermot.kelly/Dermot_primary/microbiome_data/CT_lambs_microbiome_raw_files/12000_2.fastq.gz
12004	/home/dermot.kelly/Dermot_primary/microbiome_data/CT_lambs_microbiome_raw_files/12004_1.fastq.gz	/home/dermot.kelly/Dermot_primary/microbiome_data/CT_lambs_microbiome_raw_files/12004_2.fastq.gz
12008	/home/dermot.kelly/Dermot_primary/microbiome_data/CT_lambs_microbiome_raw_files/12008_1.fastq.gz	/home/dermot.kelly/Dermot_primary/microbiome_data/CT_lambs_microbiome_raw_files/12008_2.fastq.gz
12009	/home/dermot.kelly/Dermot_primary/microbiome_data/CT_lambs_microbiome_raw_files/12009_1.fastq.gz	/home/dermot.kelly/Dermot_primary/microbiome_data/CT_lambs_microbiome_raw_files/12009_2.fastq.gz
12016	/home/dermot.kelly/Dermot_primary/microbiome_data/CT_lambs_microbiome_raw_files/12016_1.fastq.gz	/home/dermot.kelly/Dermot_primary/microbiome_data/CT_lambs_microbiome_raw_files/12016_2.fastq.gz
12017	/home/dermot.kelly/Dermot_primary/microbiome_data/CT_lambs_microbiome_raw_files/12017_1.fastq.gz	/home/dermot.kelly/Dermot_primary/microbiome_data/CT_lambs_microbiome_raw_files/12017_2.fastq.gz
12026	/home/dermot.kelly/Dermot_primary/microbiome_data/CT_lambs_microbiome_raw_files/12026_1.fastq.gz	/home/dermot.kelly/Dermot_primary/microbiome_data/CT_lambs_microbiome_raw_files/12026_2.fastq.gz
12030	/home/dermot.kelly/Dermot_primary/microbiome_data/CT_lambs_microbiome_raw_files/12030_1.fastq.gz	/home/dermot.kelly/Dermot_primary/microbiome_data/CT_lambs_microbiome_raw_files/12030_2.fastq.gz
12035	/home/dermot.kelly/Dermot_primary/microbiome_data/CT_lambs_microbiome_raw_files/12035_1.fastq.gz	/home/dermot.kelly/Dermot_primary/microbiome_data/CT_lambs_microbiome_raw_files/12035_2.fastq.gz
12040	/home/dermot.kelly/Dermot_primary/microbiome_data/CT_lambs_microbiome_raw_files/12040_1.fastq.gz	/home/dermot.kelly/Dermot_primary/microbiome_data/CT_lambs_microbiome_raw_files/12040_2.fastq.gz
12046	/home/dermot.kelly/Dermot_primary/microbiome_data/CT_lambs_microbiome_raw_files/12046_1.fastq.gz	/home/dermot.kelly/Dermot_primary/microbiome_data/CT_lambs_microbiome_raw_files/12046_2.fastq.gz
12048	/home/dermot.kelly/Dermot_primary/microbiome_data/CT_lambs_microbiome_raw_files/12048_1.fastq.gz	/home/dermot.kelly/Dermot_primary/microbiome_data/CT_lambs_microbiome_raw_files/12048_2.fastq.gz
12050	/home/dermot.kelly/Dermot_primary/microbiome_data/CT_lambs_microbiome_raw_files/12050_1.fastq.gz	/home/dermot.kelly/Dermot_primary/microbiome_data/CT_lambs_microbiome_raw_files/12050_2.fastq.gz
12072	/home/dermot.kelly/Dermot_primary/microbiome_data/CT_lambs_microbiome_raw_files/12072_1.fastq.gz	/home/dermot.kelly/Dermot_primary/microbiome_data/CT_lambs_microbiome_raw_files/12072_2.fastq.gz
12089	/home/dermot.kelly/Dermot_primary/microbiome_data/CT_lambs_microbiome_raw_files/12089_1.fastq.gz	/home/dermot.kelly/Dermot_primary/microbiome_data/CT_lambs_microbiome_raw_files/12089_2.fastq.gz
12092	/home/dermot.kelly/Dermot_primary/microbiome_data/CT_lambs_microbiome_raw_files/12092_1.fastq.gz	/home/dermot.kelly/Dermot_primary/microbiome_data/CT_lambs_microbiome_raw_files/12092_2.fastq.gz
12105	/home/dermot.kelly/Dermot_primary/microbiome_data/CT_lambs_microbiome_raw_files/12105_1.fastq.gz	/home/dermot.kelly/Dermot_primary/microbiome_data/CT_lambs_microbiome_raw_files/12105_2.fastq.gz
12133	/home/dermot.kelly/Dermot_primary/microbiome_data/CT_lambs_microbiome_raw_files/12133_1.fastq.gz	/home/dermot.kelly/Dermot_primary/microbiome_data/CT_lambs_microbiome_raw_files/12133_2.fastq.gz
12147	/home/dermot.kelly/Dermot_primary/microbiome_data/CT_lambs_microbiome_raw_files/12147_1.fastq.gz	/home/dermot.kelly/Dermot_primary/microbiome_data/CT_lambs_microbiome_raw_files/12147_2.fastq.gz
12149	/home/dermot.kelly/Dermot_primary/microbiome_data/CT_lambs_microbiome_raw_files/12149_1.fastq.gz	/home/dermot.kelly/Dermot_primary/microbiome_data/CT_lambs_microbiome_raw_files/12149_2.fastq.gz
12168	/home/dermot.kelly/Dermot_primary/microbiome_data/CT_lambs_microbiome_raw_files/12168_1.fastq.gz	/home/dermot.kelly/Dermot_primary/microbiome_data/CT_lambs_microbiome_raw_files/12168_2.fastq.gz
12173	/home/dermot.kelly/Dermot_primary/microbiome_data/CT_lambs_microbiome_raw_files/12173_1.fastq.gz	/home/dermot.kelly/Dermot_primary/microbiome_data/CT_lambs_microbiome_raw_files/12173_2.fastq.gz
12188	/home/dermot.kelly/Dermot_primary/microbiome_data/CT_lambs_microbiome_raw_files/12188_1.fastq.gz	/home/dermot.kelly/Dermot_primary/microbiome_data/CT_lambs_microbiome_raw_files/12188_2.fastq.gz
12189	/home/dermot.kelly/Dermot_primary/microbiome_data/CT_lambs_microbiome_raw_files/12189_1.fastq.gz	/home/dermot.kelly/Dermot_primary/microbiome_data/CT_lambs_microbiome_raw_files/12189_2.fastq.gz
12207	/home/dermot.kelly/Dermot_primary/microbiome_data/CT_lambs_microbiome_raw_files/12207_1.fastq.gz	/home/dermot.kelly/Dermot_primary/microbiome_data/CT_lambs_microbiome_raw_files/12207_2.fastq.gz
12209	/home/dermot.kelly/Dermot_primary/microbiome_data/CT_lambs_microbiome_raw_files/12209_1.fastq.gz	/home/dermot.kelly/Dermot_primary/microbiome_data/CT_lambs_microbiome_raw_files/12209_2.fastq.gz
12228	/home/dermot.kelly/Dermot_primary/microbiome_data/CT_lambs_microbiome_raw_files/12228_1.fastq.gz	/home/dermot.kelly/Dermot_primary/microbiome_data/CT_lambs_microbiome_raw_files/12228_2.fastq.gz
12230	/home/dermot.kelly/Dermot_primary/microbiome_data/CT_lambs_microbiome_raw_files/12230_1.fastq.gz	/home/dermot.kelly/Dermot_primary/microbiome_data/CT_lambs_microbiome_raw_files/12230_2.fastq.gz
12253	/home/dermot.kelly/Dermot_primary/microbiome_data/CT_lambs_microbiome_raw_files/12253_1.fastq.gz	/home/dermot.kelly/Dermot_primary/microbiome_data/CT_lambs_microbiome_raw_files/12253_2.fastq.gz
12287	/home/dermot.kelly/Dermot_primary/microbiome_data/CT_lambs_microbiome_raw_files/12287_1.fastq.gz	/home/dermot.kelly/Dermot_primary/microbiome_data/CT_lambs_microbiome_raw_files/12287_2.fastq.gz
12294	/home/dermot.kelly/Dermot_primary/microbiome_data/CT_lambs_microbiome_raw_files/12294_1.fastq.gz	/home/dermot.kelly/Dermot_primary/microbiome_data/CT_lambs_microbiome_raw_files/12294_2.fastq.gz
30500	/home/dermot.kelly/Dermot_primary/microbiome_data/CT_lambs_microbiome_raw_files/30500_1.fastq.gz	/home/dermot.kelly/Dermot_primary/microbiome_data/CT_lambs_microbiome_raw_files/30500_2.fastq.gz
30503	/home/dermot.kelly/Dermot_primary/microbiome_data/CT_lambs_microbiome_raw_files/30503_1.fastq.gz	/home/dermot.kelly/Dermot_primary/microbiome_data/CT_lambs_microbiome_raw_files/30503_2.fastq.gz
30505	/home/dermot.kelly/Dermot_primary/microbiome_data/CT_lambs_microbiome_raw_files/30505_1.fastq.gz	/home/dermot.kelly/Dermot_primary/microbiome_data/CT_lambs_microbiome_raw_files/30505_2.fastq.gz
30508	/home/dermot.kelly/Dermot_primary/microbiome_data/CT_lambs_microbiome_raw_files/30508_1.fastq.gz	/home/dermot.kelly/Dermot_primary/microbiome_data/CT_lambs_microbiome_raw_files/30508_2.fastq.gz
30509	/home/dermot.kelly/Dermot_primary/microbiome_data/CT_lambs_microbiome_raw_files/30509_1.fastq.gz	/home/dermot.kelly/Dermot_primary/microbiome_data/CT_lambs_microbiome_raw_files/30509_2.fastq.gz
30510	/home/dermot.kelly/Dermot_primary/microbiome_data/CT_lambs_microbiome_raw_files/30510_1.fastq.gz	/home/dermot.kelly/Dermot_primary/microbiome_data/CT_lambs_microbiome_raw_files/30510_2.fastq.gz
30511	/home/dermot.kelly/Dermot_primary/microbiome_data/CT_lambs_microbiome_raw_files/30511_1.fastq.gz	/home/dermot.kelly/Dermot_primary/microbiome_data/CT_lambs_microbiome_raw_files/30511_2.fastq.gz
30518	/home/dermot.kelly/Dermot_primary/microbiome_data/CT_lambs_microbiome_raw_files/30518_1.fastq.gz	/home/dermot.kelly/Dermot_primary/microbiome_data/CT_lambs_microbiome_raw_files/30518_2.fastq.gz
30519	/home/dermot.kelly/Dermot_primary/microbiome_data/CT_lambs_microbiome_raw_files/30519_1.fastq.gz	/home/dermot.kelly/Dermot_primary/microbiome_data/CT_lambs_microbiome_raw_files/30519_2.fastq.gz
30532	/home/dermot.kelly/Dermot_primary/microbiome_data/CT_lambs_microbiome_raw_files/30532_1.fastq.gz	/home/dermot.kelly/Dermot_primary/microbiome_data/CT_lambs_microbiome_raw_files/30532_2.fastq.gz
30533	/home/dermot.kelly/Dermot_primary/microbiome_data/CT_lambs_microbiome_raw_files/30533_1.fastq.gz	/home/dermot.kelly/Dermot_primary/microbiome_data/CT_lambs_microbiome_raw_files/30533_2.fastq.gz
30534	/home/dermot.kelly/Dermot_primary/microbiome_data/CT_lambs_microbiome_raw_files/30534_1.fastq.gz	/home/dermot.kelly/Dermot_primary/microbiome_data/CT_lambs_microbiome_raw_files/30534_2.fastq.gz
30536	/home/dermot.kelly/Dermot_primary/microbiome_data/CT_lambs_microbiome_raw_files/30536_1.fastq.gz	/home/dermot.kelly/Dermot_primary/microbiome_data/CT_lambs_microbiome_raw_files/30536_2.fastq.gz
30537	/home/dermot.kelly/Dermot_primary/microbiome_data/CT_lambs_microbiome_raw_files/30537_1.fastq.gz	/home/dermot.kelly/Dermot_primary/microbiome_data/CT_lambs_microbiome_raw_files/30537_2.fastq.gz
30541	/home/dermot.kelly/Dermot_primary/microbiome_data/CT_lambs_microbiome_raw_files/30541_1.fastq.gz	/home/dermot.kelly/Dermot_primary/microbiome_data/CT_lambs_microbiome_raw_files/30541_2.fastq.gz
30547	/home/dermot.kelly/Dermot_primary/microbiome_data/CT_lambs_microbiome_raw_files/30547_1.fastq.gz	/home/dermot.kelly/Dermot_primary/microbiome_data/CT_lambs_microbiome_raw_files/30547_2.fastq.gz
30548	/home/dermot.kelly/Dermot_primary/microbiome_data/CT_lambs_microbiome_raw_files/30548_1.fastq.gz	/home/dermot.kelly/Dermot_primary/microbiome_data/CT_lambs_microbiome_raw_files/30548_2.fastq.gz
30549	/home/dermot.kelly/Dermot_primary/microbiome_data/CT_lambs_microbiome_raw_files/30549_1.fastq.gz	/home/dermot.kelly/Dermot_primary/microbiome_data/CT_lambs_microbiome_raw_files/30549_2.fastq.gz
30551	/home/dermot.kelly/Dermot_primary/microbiome_data/CT_lambs_microbiome_raw_files/30551_1.fastq.gz	/home/dermot.kelly/Dermot_primary/microbiome_data/CT_lambs_microbiome_raw_files/30551_2.fastq.gz
30552	/home/dermot.kelly/Dermot_primary/microbiome_data/CT_lambs_microbiome_raw_files/30552_1.fastq.gz	/home/dermot.kelly/Dermot_primary/microbiome_data/CT_lambs_microbiome_raw_files/30552_2.fastq.gz
30553	/home/dermot.kelly/Dermot_primary/microbiome_data/CT_lambs_microbiome_raw_files/30553_1.fastq.gz	/home/dermot.kelly/Dermot_primary/microbiome_data/CT_lambs_microbiome_raw_files/30553_2.fastq.gz
30556	/home/dermot.kelly/Dermot_primary/microbiome_data/CT_lambs_microbiome_raw_files/30556_1.fastq.gz	/home/dermot.kelly/Dermot_primary/microbiome_data/CT_lambs_microbiome_raw_files/30556_2.fastq.gz
30557	/home/dermot.kelly/Dermot_primary/microbiome_data/CT_lambs_microbiome_raw_files/30557_1.fastq.gz	/home/dermot.kelly/Dermot_primary/microbiome_data/CT_lambs_microbiome_raw_files/30557_2.fastq.gz
30561	/home/dermot.kelly/Dermot_primary/microbiome_data/CT_lambs_microbiome_raw_files/30561_1.fastq.gz	/home/dermot.kelly/Dermot_primary/microbiome_data/CT_lambs_microbiome_raw_files/30561_2.fastq.gz
30562	/home/dermot.kelly/Dermot_primary/microbiome_data/CT_lambs_microbiome_raw_files/30562_1.fastq.gz	/home/dermot.kelly/Dermot_primary/microbiome_data/CT_lambs_microbiome_raw_files/30562_2.fastq.gz
30563	/home/dermot.kelly/Dermot_primary/microbiome_data/CT_lambs_microbiome_raw_files/30563_1.fastq.gz	/home/dermot.kelly/Dermot_primary/microbiome_data/CT_lambs_microbiome_raw_files/30563_2.fastq.gz
30565	/home/dermot.kelly/Dermot_primary/microbiome_data/CT_lambs_microbiome_raw_files/30565_1.fastq.gz	/home/dermot.kelly/Dermot_primary/microbiome_data/CT_lambs_microbiome_raw_files/30565_2.fastq.gz
30569	/home/dermot.kelly/Dermot_primary/microbiome_data/CT_lambs_microbiome_raw_files/30569_1.fastq.gz	/home/dermot.kelly/Dermot_primary/microbiome_data/CT_lambs_microbiome_raw_files/30569_2.fastq.gz
30570	/home/dermot.kelly/Dermot_primary/microbiome_data/CT_lambs_microbiome_raw_files/30570_1.fastq.gz	/home/dermot.kelly/Dermot_primary/microbiome_data/CT_lambs_microbiome_raw_files/30570_2.fastq.gz
30575	/home/dermot.kelly/Dermot_primary/microbiome_data/CT_lambs_microbiome_raw_files/30575_1.fastq.gz	/home/dermot.kelly/Dermot_primary/microbiome_data/CT_lambs_microbiome_raw_files/30575_2.fastq.gz
30578	/home/dermot.kelly/Dermot_primary/microbiome_data/CT_lambs_microbiome_raw_files/30578_1.fastq.gz	/home/dermot.kelly/Dermot_primary/microbiome_data/CT_lambs_microbiome_raw_files/30578_2.fastq.gz
30581	/home/dermot.kelly/Dermot_primary/microbiome_data/CT_lambs_microbiome_raw_files/30581_1.fastq.gz	/home/dermot.kelly/Dermot_primary/microbiome_data/CT_lambs_microbiome_raw_files/30581_2.fastq.gz
30583	/home/dermot.kelly/Dermot_primary/microbiome_data/CT_lambs_microbiome_raw_files/30583_1.fastq.gz	/home/dermot.kelly/Dermot_primary/microbiome_data/CT_lambs_microbiome_raw_files/30583_2.fastq.gz
30584	/home/dermot.kelly/Dermot_primary/microbiome_data/CT_lambs_microbiome_raw_files/30584_1.fastq.gz	/home/dermot.kelly/Dermot_primary/microbiome_data/CT_lambs_microbiome_raw_files/30584_2.fastq.gz
30585	/home/dermot.kelly/Dermot_primary/microbiome_data/CT_lambs_microbiome_raw_files/30585_1.fastq.gz	/home/dermot.kelly/Dermot_primary/microbiome_data/CT_lambs_microbiome_raw_files/30585_2.fastq.gz
30589	/home/dermot.kelly/Dermot_primary/microbiome_data/CT_lambs_microbiome_raw_files/30589_1.fastq.gz	/home/dermot.kelly/Dermot_primary/microbiome_data/CT_lambs_microbiome_raw_files/30589_2.fastq.gz
30590	/home/dermot.kelly/Dermot_primary/microbiome_data/CT_lambs_microbiome_raw_files/30590_1.fastq.gz	/home/dermot.kelly/Dermot_primary/microbiome_data/CT_lambs_microbiome_raw_files/30590_2.fastq.gz
30594	/home/dermot.kelly/Dermot_primary/microbiome_data/CT_lambs_microbiome_raw_files/30594_1.fastq.gz	/home/dermot.kelly/Dermot_primary/microbiome_data/CT_lambs_microbiome_raw_files/30594_2.fastq.gz
30595	/home/dermot.kelly/Dermot_primary/microbiome_data/CT_lambs_microbiome_raw_files/30595_1.fastq.gz	/home/dermot.kelly/Dermot_primary/microbiome_data/CT_lambs_microbiome_raw_files/30595_2.fastq.gz
30596	/home/dermot.kelly/Dermot_primary/microbiome_data/CT_lambs_microbiome_raw_files/30596_1.fastq.gz	/home/dermot.kelly/Dermot_primary/microbiome_data/CT_lambs_microbiome_raw_files/30596_2.fastq.gz
30597	/home/dermot.kelly/Dermot_primary/microbiome_data/CT_lambs_microbiome_raw_files/30597_1.fastq.gz	/home/dermot.kelly/Dermot_primary/microbiome_data/CT_lambs_microbiome_raw_files/30597_2.fastq.gz
30604	/home/dermot.kelly/Dermot_primary/microbiome_data/CT_lambs_microbiome_raw_files/30604_1.fastq.gz	/home/dermot.kelly/Dermot_primary/microbiome_data/CT_lambs_microbiome_raw_files/30604_2.fastq.gz
30605	/home/dermot.kelly/Dermot_primary/microbiome_data/CT_lambs_microbiome_raw_files/30605_1.fastq.gz	/home/dermot.kelly/Dermot_primary/microbiome_data/CT_lambs_microbiome_raw_files/30605_2.fastq.gz
30614	/home/dermot.kelly/Dermot_primary/microbiome_data/CT_lambs_microbiome_raw_files/30614_1.fastq.gz	/home/dermot.kelly/Dermot_primary/microbiome_data/CT_lambs_microbiome_raw_files/30614_2.fastq.gz
30617	/home/dermot.kelly/Dermot_primary/microbiome_data/CT_lambs_microbiome_raw_files/30617_1.fastq.gz	/home/dermot.kelly/Dermot_primary/microbiome_data/CT_lambs_microbiome_raw_files/30617_2.fastq.gz
30621	/home/dermot.kelly/Dermot_primary/microbiome_data/CT_lambs_microbiome_raw_files/30621_1.fastq.gz	/home/dermot.kelly/Dermot_primary/microbiome_data/CT_lambs_microbiome_raw_files/30621_2.fastq.gz
30623	/home/dermot.kelly/Dermot_primary/microbiome_data/CT_lambs_microbiome_raw_files/30623_1.fastq.gz	/home/dermot.kelly/Dermot_primary/microbiome_data/CT_lambs_microbiome_raw_files/30623_2.fastq.gz
30626	/home/dermot.kelly/Dermot_primary/microbiome_data/CT_lambs_microbiome_raw_files/30626_1.fastq.gz	/home/dermot.kelly/Dermot_primary/microbiome_data/CT_lambs_microbiome_raw_files/30626_2.fastq.gz
30627	/home/dermot.kelly/Dermot_primary/microbiome_data/CT_lambs_microbiome_raw_files/30627_1.fastq.gz	/home/dermot.kelly/Dermot_primary/microbiome_data/CT_lambs_microbiome_raw_files/30627_2.fastq.gz
30628	/home/dermot.kelly/Dermot_primary/microbiome_data/CT_lambs_microbiome_raw_files/30628_1.fastq.gz	/home/dermot.kelly/Dermot_primary/microbiome_data/CT_lambs_microbiome_raw_files/30628_2.fastq.gz
30629	/home/dermot.kelly/Dermot_primary/microbiome_data/CT_lambs_microbiome_raw_files/30629_1.fastq.gz	/home/dermot.kelly/Dermot_primary/microbiome_data/CT_lambs_microbiome_raw_files/30629_2.fastq.gz
30630	/home/dermot.kelly/Dermot_primary/microbiome_data/CT_lambs_microbiome_raw_files/30630_1.fastq.gz	/home/dermot.kelly/Dermot_primary/microbiome_data/CT_lambs_microbiome_raw_files/30630_2.fastq.gz
30633	/home/dermot.kelly/Dermot_primary/microbiome_data/CT_lambs_microbiome_raw_files/30633_1.fastq.gz	/home/dermot.kelly/Dermot_primary/microbiome_data/CT_lambs_microbiome_raw_files/30633_2.fastq.gz
30636	/home/dermot.kelly/Dermot_primary/microbiome_data/CT_lambs_microbiome_raw_files/30636_1.fastq.gz	/home/dermot.kelly/Dermot_primary/microbiome_data/CT_lambs_microbiome_raw_files/30636_2.fastq.gz
30637	/home/dermot.kelly/Dermot_primary/microbiome_data/CT_lambs_microbiome_raw_files/30637_1.fastq.gz	/home/dermot.kelly/Dermot_primary/microbiome_data/CT_lambs_microbiome_raw_files/30637_2.fastq.gz
30639	/home/dermot.kelly/Dermot_primary/microbiome_data/CT_lambs_microbiome_raw_files/30639_1.fastq.gz	/home/dermot.kelly/Dermot_primary/microbiome_data/CT_lambs_microbiome_raw_files/30639_2.fastq.gz
30640	/home/dermot.kelly/Dermot_primary/microbiome_data/CT_lambs_microbiome_raw_files/30640_1.fastq.gz	/home/dermot.kelly/Dermot_primary/microbiome_data/CT_lambs_microbiome_raw_files/30640_2.fastq.gz
30641	/home/dermot.kelly/Dermot_primary/microbiome_data/CT_lambs_microbiome_raw_files/30641_1.fastq.gz	/home/dermot.kelly/Dermot_primary/microbiome_data/CT_lambs_microbiome_raw_files/30641_2.fastq.gz
30644	/home/dermot.kelly/Dermot_primary/microbiome_data/CT_lambs_microbiome_raw_files/30644_1.fastq.gz	/home/dermot.kelly/Dermot_primary/microbiome_data/CT_lambs_microbiome_raw_files/30644_2.fastq.gz
30646	/home/dermot.kelly/Dermot_primary/microbiome_data/CT_lambs_microbiome_raw_files/30646_1.fastq.gz	/home/dermot.kelly/Dermot_primary/microbiome_data/CT_lambs_microbiome_raw_files/30646_2.fastq.gz
30648	/home/dermot.kelly/Dermot_primary/microbiome_data/CT_lambs_microbiome_raw_files/30648_1.fastq.gz	/home/dermot.kelly/Dermot_primary/microbiome_data/CT_lambs_microbiome_raw_files/30648_2.fastq.gz
30649	/home/dermot.kelly/Dermot_primary/microbiome_data/CT_lambs_microbiome_raw_files/30649_1.fastq.gz	/home/dermot.kelly/Dermot_primary/microbiome_data/CT_lambs_microbiome_raw_files/30649_2.fastq.gz
30651	/home/dermot.kelly/Dermot_primary/microbiome_data/CT_lambs_microbiome_raw_files/30651_1.fastq.gz	/home/dermot.kelly/Dermot_primary/microbiome_data/CT_lambs_microbiome_raw_files/30651_2.fastq.gz
30652	/home/dermot.kelly/Dermot_primary/microbiome_data/CT_lambs_microbiome_raw_files/30652_1.fastq.gz	/home/dermot.kelly/Dermot_primary/microbiome_data/CT_lambs_microbiome_raw_files/30652_2.fastq.gz
30653	/home/dermot.kelly/Dermot_primary/microbiome_data/CT_lambs_microbiome_raw_files/30653_1.fastq.gz	/home/dermot.kelly/Dermot_primary/microbiome_data/CT_lambs_microbiome_raw_files/30653_2.fastq.gz
30654	/home/dermot.kelly/Dermot_primary/microbiome_data/CT_lambs_microbiome_raw_files/30654_1.fastq.gz	/home/dermot.kelly/Dermot_primary/microbiome_data/CT_lambs_microbiome_raw_files/30654_2.fastq.gz
30655	/home/dermot.kelly/Dermot_primary/microbiome_data/CT_lambs_microbiome_raw_files/30655_1.fastq.gz	/home/dermot.kelly/Dermot_primary/microbiome_data/CT_lambs_microbiome_raw_files/30655_2.fastq.gz
30659	/home/dermot.kelly/Dermot_primary/microbiome_data/CT_lambs_microbiome_raw_files/30659_1.fastq.gz	/home/dermot.kelly/Dermot_primary/microbiome_data/CT_lambs_microbiome_raw_files/30659_2.fastq.gz
30660	/home/dermot.kelly/Dermot_primary/microbiome_data/CT_lambs_microbiome_raw_files/30660_1.fastq.gz	/home/dermot.kelly/Dermot_primary/microbiome_data/CT_lambs_microbiome_raw_files/30660_2.fastq.gz
30661	/home/dermot.kelly/Dermot_primary/microbiome_data/CT_lambs_microbiome_raw_files/30661_1.fastq.gz	/home/dermot.kelly/Dermot_primary/microbiome_data/CT_lambs_microbiome_raw_files/30661_2.fastq.gz
30662	/home/dermot.kelly/Dermot_primary/microbiome_data/CT_lambs_microbiome_raw_files/30662_1.fastq.gz	/home/dermot.kelly/Dermot_primary/microbiome_data/CT_lambs_microbiome_raw_files/30662_2.fastq.gz
30666	/home/dermot.kelly/Dermot_primary/microbiome_data/CT_lambs_microbiome_raw_files/30666_1.fastq.gz	/home/dermot.kelly/Dermot_primary/microbiome_data/CT_lambs_microbiome_raw_files/30666_2.fastq.gz
30667	/home/dermot.kelly/Dermot_primary/microbiome_data/CT_lambs_microbiome_raw_files/30667_1.fastq.gz	/home/dermot.kelly/Dermot_primary/microbiome_data/CT_lambs_microbiome_raw_files/30667_2.fastq.gz
30669	/home/dermot.kelly/Dermot_primary/microbiome_data/CT_lambs_microbiome_raw_files/30669_1.fastq.gz	/home/dermot.kelly/Dermot_primary/microbiome_data/CT_lambs_microbiome_raw_files/30669_2.fastq.gz
30670	/home/dermot.kelly/Dermot_primary/microbiome_data/CT_lambs_microbiome_raw_files/30670_1.fastq.gz	/home/dermot.kelly/Dermot_primary/microbiome_data/CT_lambs_microbiome_raw_files/30670_2.fastq.gz
30674	/home/dermot.kelly/Dermot_primary/microbiome_data/CT_lambs_microbiome_raw_files/30674_1.fastq.gz	/home/dermot.kelly/Dermot_primary/microbiome_data/CT_lambs_microbiome_raw_files/30674_2.fastq.gz
30677	/home/dermot.kelly/Dermot_primary/microbiome_data/CT_lambs_microbiome_raw_files/30677_1.fastq.gz	/home/dermot.kelly/Dermot_primary/microbiome_data/CT_lambs_microbiome_raw_files/30677_2.fastq.gz
30680	/home/dermot.kelly/Dermot_primary/microbiome_data/CT_lambs_microbiome_raw_files/30680_1.fastq.gz	/home/dermot.kelly/Dermot_primary/microbiome_data/CT_lambs_microbiome_raw_files/30680_2.fastq.gz
30681	/home/dermot.kelly/Dermot_primary/microbiome_data/CT_lambs_microbiome_raw_files/30681_1.fastq.gz	/home/dermot.kelly/Dermot_primary/microbiome_data/CT_lambs_microbiome_raw_files/30681_2.fastq.gz
30682	/home/dermot.kelly/Dermot_primary/microbiome_data/CT_lambs_microbiome_raw_files/30682_1.fastq.gz	/home/dermot.kelly/Dermot_primary/microbiome_data/CT_lambs_microbiome_raw_files/30682_2.fastq.gz
30692	/home/dermot.kelly/Dermot_primary/microbiome_data/CT_lambs_microbiome_raw_files/30692_1.fastq.gz	/home/dermot.kelly/Dermot_primary/microbiome_data/CT_lambs_microbiome_raw_files/30692_2.fastq.gz
30693	/home/dermot.kelly/Dermot_primary/microbiome_data/CT_lambs_microbiome_raw_files/30693_1.fastq.gz	/home/dermot.kelly/Dermot_primary/microbiome_data/CT_lambs_microbiome_raw_files/30693_2.fastq.gz
30695	/home/dermot.kelly/Dermot_primary/microbiome_data/CT_lambs_microbiome_raw_files/30695_1.fastq.gz	/home/dermot.kelly/Dermot_primary/microbiome_data/CT_lambs_microbiome_raw_files/30695_2.fastq.gz
30696	/home/dermot.kelly/Dermot_primary/microbiome_data/CT_lambs_microbiome_raw_files/30696_1.fastq.gz	/home/dermot.kelly/Dermot_primary/microbiome_data/CT_lambs_microbiome_raw_files/30696_2.fastq.gz
30703	/home/dermot.kelly/Dermot_primary/microbiome_data/CT_lambs_microbiome_raw_files/30703_1.fastq.gz	/home/dermot.kelly/Dermot_primary/microbiome_data/CT_lambs_microbiome_raw_files/30703_2.fastq.gz
30710	/home/dermot.kelly/Dermot_primary/microbiome_data/CT_lambs_microbiome_raw_files/30710_1.fastq.gz	/home/dermot.kelly/Dermot_primary/microbiome_data/CT_lambs_microbiome_raw_files/30710_2.fastq.gz
30711	/home/dermot.kelly/Dermot_primary/microbiome_data/CT_lambs_microbiome_raw_files/30711_1.fastq.gz	/home/dermot.kelly/Dermot_primary/microbiome_data/CT_lambs_microbiome_raw_files/30711_2.fastq.gz
30714	/home/dermot.kelly/Dermot_primary/microbiome_data/CT_lambs_microbiome_raw_files/30714_1.fastq.gz	/home/dermot.kelly/Dermot_primary/microbiome_data/CT_lambs_microbiome_raw_files/30714_2.fastq.gz
30716	/home/dermot.kelly/Dermot_primary/microbiome_data/CT_lambs_microbiome_raw_files/30716_1.fastq.gz	/home/dermot.kelly/Dermot_primary/microbiome_data/CT_lambs_microbiome_raw_files/30716_2.fastq.gz
30718	/home/dermot.kelly/Dermot_primary/microbiome_data/CT_lambs_microbiome_raw_files/30718_1.fastq.gz	/home/dermot.kelly/Dermot_primary/microbiome_data/CT_lambs_microbiome_raw_files/30718_2.fastq.gz
30719	/home/dermot.kelly/Dermot_primary/microbiome_data/CT_lambs_microbiome_raw_files/30719_1.fastq.gz	/home/dermot.kelly/Dermot_primary/microbiome_data/CT_lambs_microbiome_raw_files/30719_2.fastq.gz
30721	/home/dermot.kelly/Dermot_primary/microbiome_data/CT_lambs_microbiome_raw_files/30721_1.fastq.gz	/home/dermot.kelly/Dermot_primary/microbiome_data/CT_lambs_microbiome_raw_files/30721_2.fastq.gz
30724	/home/dermot.kelly/Dermot_primary/microbiome_data/CT_lambs_microbiome_raw_files/30724_1.fastq.gz	/home/dermot.kelly/Dermot_primary/microbiome_data/CT_lambs_microbiome_raw_files/30724_2.fastq.gz
30725	/home/dermot.kelly/Dermot_primary/microbiome_data/CT_lambs_microbiome_raw_files/30725_1.fastq.gz	/home/dermot.kelly/Dermot_primary/microbiome_data/CT_lambs_microbiome_raw_files/30725_2.fastq.gz
30726	/home/dermot.kelly/Dermot_primary/microbiome_data/CT_lambs_microbiome_raw_files/30726_1.fastq.gz	/home/dermot.kelly/Dermot_primary/microbiome_data/CT_lambs_microbiome_raw_files/30726_2.fastq.gz
30729	/home/dermot.kelly/Dermot_primary/microbiome_data/CT_lambs_microbiome_raw_files/30729_1.fastq.gz	/home/dermot.kelly/Dermot_primary/microbiome_data/CT_lambs_microbiome_raw_files/30729_2.fastq.gz
30730	/home/dermot.kelly/Dermot_primary/microbiome_data/CT_lambs_microbiome_raw_files/30730_1.fastq.gz	/home/dermot.kelly/Dermot_primary/microbiome_data/CT_lambs_microbiome_raw_files/30730_2.fastq.gz
30737	/home/dermot.kelly/Dermot_primary/microbiome_data/CT_lambs_microbiome_raw_files/30737_1.fastq.gz	/home/dermot.kelly/Dermot_primary/microbiome_data/CT_lambs_microbiome_raw_files/30737_2.fastq.gz
30740	/home/dermot.kelly/Dermot_primary/microbiome_data/CT_lambs_microbiome_raw_files/30740_1.fastq.gz	/home/dermot.kelly/Dermot_primary/microbiome_data/CT_lambs_microbiome_raw_files/30740_2.fastq.gz
30747	/home/dermot.kelly/Dermot_primary/microbiome_data/CT_lambs_microbiome_raw_files/30747_1.fastq.gz	/home/dermot.kelly/Dermot_primary/microbiome_data/CT_lambs_microbiome_raw_files/30747_2.fastq.gz
30748	/home/dermot.kelly/Dermot_primary/microbiome_data/CT_lambs_microbiome_raw_files/30748_1.fastq.gz	/home/dermot.kelly/Dermot_primary/microbiome_data/CT_lambs_microbiome_raw_files/30748_2.fastq.gz
30754	/home/dermot.kelly/Dermot_primary/microbiome_data/CT_lambs_microbiome_raw_files/30754_1.fastq.gz	/home/dermot.kelly/Dermot_primary/microbiome_data/CT_lambs_microbiome_raw_files/30754_2.fastq.gz
30756	/home/dermot.kelly/Dermot_primary/microbiome_data/CT_lambs_microbiome_raw_files/30756_1.fastq.gz	/home/dermot.kelly/Dermot_primary/microbiome_data/CT_lambs_microbiome_raw_files/30756_2.fastq.gz
30757	/home/dermot.kelly/Dermot_primary/microbiome_data/CT_lambs_microbiome_raw_files/30757_1.fastq.gz	/home/dermot.kelly/Dermot_primary/microbiome_data/CT_lambs_microbiome_raw_files/30757_2.fastq.gz
30764	/home/dermot.kelly/Dermot_primary/microbiome_data/CT_lambs_microbiome_raw_files/30764_1.fastq.gz	/home/dermot.kelly/Dermot_primary/microbiome_data/CT_lambs_microbiome_raw_files/30764_2.fastq.gz
30766	/home/dermot.kelly/Dermot_primary/microbiome_data/CT_lambs_microbiome_raw_files/30766_1.fastq.gz	/home/dermot.kelly/Dermot_primary/microbiome_data/CT_lambs_microbiome_raw_files/30766_2.fastq.gz
30767	/home/dermot.kelly/Dermot_primary/microbiome_data/CT_lambs_microbiome_raw_files/30767_1.fastq.gz	/home/dermot.kelly/Dermot_primary/microbiome_data/CT_lambs_microbiome_raw_files/30767_2.fastq.gz
30772	/home/dermot.kelly/Dermot_primary/microbiome_data/CT_lambs_microbiome_raw_files/30772_1.fastq.gz	/home/dermot.kelly/Dermot_primary/microbiome_data/CT_lambs_microbiome_raw_files/30772_2.fastq.gz
30773	/home/dermot.kelly/Dermot_primary/microbiome_data/CT_lambs_microbiome_raw_files/30773_1.fastq.gz	/home/dermot.kelly/Dermot_primary/microbiome_data/CT_lambs_microbiome_raw_files/30773_2.fastq.gz
30782	/home/dermot.kelly/Dermot_primary/microbiome_data/CT_lambs_microbiome_raw_files/30782_1.fastq.gz	/home/dermot.kelly/Dermot_primary/microbiome_data/CT_lambs_microbiome_raw_files/30782_2.fastq.gz
30783	/home/dermot.kelly/Dermot_primary/microbiome_data/CT_lambs_microbiome_raw_files/30783_1.fastq.gz	/home/dermot.kelly/Dermot_primary/microbiome_data/CT_lambs_microbiome_raw_files/30783_2.fastq.gz
30784	/home/dermot.kelly/Dermot_primary/microbiome_data/CT_lambs_microbiome_raw_files/30784_1.fastq.gz	/home/dermot.kelly/Dermot_primary/microbiome_data/CT_lambs_microbiome_raw_files/30784_2.fastq.gz
30785	/home/dermot.kelly/Dermot_primary/microbiome_data/CT_lambs_microbiome_raw_files/30785_1.fastq.gz	/home/dermot.kelly/Dermot_primary/microbiome_data/CT_lambs_microbiome_raw_files/30785_2.fastq.gz
30787	/home/dermot.kelly/Dermot_primary/microbiome_data/CT_lambs_microbiome_raw_files/30787_1.fastq.gz	/home/dermot.kelly/Dermot_primary/microbiome_data/CT_lambs_microbiome_raw_files/30787_2.fastq.gz
30790	/home/dermot.kelly/Dermot_primary/microbiome_data/CT_lambs_microbiome_raw_files/30790_1.fastq.gz	/home/dermot.kelly/Dermot_primary/microbiome_data/CT_lambs_microbiome_raw_files/30790_2.fastq.gz
30791	/home/dermot.kelly/Dermot_primary/microbiome_data/CT_lambs_microbiome_raw_files/30791_1.fastq.gz	/home/dermot.kelly/Dermot_primary/microbiome_data/CT_lambs_microbiome_raw_files/30791_2.fastq.gz
30797	/home/dermot.kelly/Dermot_primary/microbiome_data/CT_lambs_microbiome_raw_files/30797_1.fastq.gz	/home/dermot.kelly/Dermot_primary/microbiome_data/CT_lambs_microbiome_raw_files/30797_2.fastq.gz
30798	/home/dermot.kelly/Dermot_primary/microbiome_data/CT_lambs_microbiome_raw_files/30798_1.fastq.gz	/home/dermot.kelly/Dermot_primary/microbiome_data/CT_lambs_microbiome_raw_files/30798_2.fastq.gz
30799	/home/dermot.kelly/Dermot_primary/microbiome_data/CT_lambs_microbiome_raw_files/30799_1.fastq.gz	/home/dermot.kelly/Dermot_primary/microbiome_data/CT_lambs_microbiome_raw_files/30799_2.fastq.gz
30800	/home/dermot.kelly/Dermot_primary/microbiome_data/CT_lambs_microbiome_raw_files/30800_1.fastq.gz	/home/dermot.kelly/Dermot_primary/microbiome_data/CT_lambs_microbiome_raw_files/30800_2.fastq.gz
30801	/home/dermot.kelly/Dermot_primary/microbiome_data/CT_lambs_microbiome_raw_files/30801_1.fastq.gz	/home/dermot.kelly/Dermot_primary/microbiome_data/CT_lambs_microbiome_raw_files/30801_2.fastq.gz
30802	/home/dermot.kelly/Dermot_primary/microbiome_data/CT_lambs_microbiome_raw_files/30802_1.fastq.gz	/home/dermot.kelly/Dermot_primary/microbiome_data/CT_lambs_microbiome_raw_files/30802_2.fastq.gz
30807	/home/dermot.kelly/Dermot_primary/microbiome_data/CT_lambs_microbiome_raw_files/30807_1.fastq.gz	/home/dermot.kelly/Dermot_primary/microbiome_data/CT_lambs_microbiome_raw_files/30807_2.fastq.gz
30808	/home/dermot.kelly/Dermot_primary/microbiome_data/CT_lambs_microbiome_raw_files/30808_1.fastq.gz	/home/dermot.kelly/Dermot_primary/microbiome_data/CT_lambs_microbiome_raw_files/30808_2.fastq.gz
30809	/home/dermot.kelly/Dermot_primary/microbiome_data/CT_lambs_microbiome_raw_files/30809_1.fastq.gz	/home/dermot.kelly/Dermot_primary/microbiome_data/CT_lambs_microbiome_raw_files/30809_2.fastq.gz
30810	/home/dermot.kelly/Dermot_primary/microbiome_data/CT_lambs_microbiome_raw_files/30810_1.fastq.gz	/home/dermot.kelly/Dermot_primary/microbiome_data/CT_lambs_microbiome_raw_files/30810_2.fastq.gz
30812	/home/dermot.kelly/Dermot_primary/microbiome_data/CT_lambs_microbiome_raw_files/30812_1.fastq.gz	/home/dermot.kelly/Dermot_primary/microbiome_data/CT_lambs_microbiome_raw_files/30812_2.fastq.gz
30818	/home/dermot.kelly/Dermot_primary/microbiome_data/CT_lambs_microbiome_raw_files/30818_1.fastq.gz	/home/dermot.kelly/Dermot_primary/microbiome_data/CT_lambs_microbiome_raw_files/30818_2.fastq.gz
30819	/home/dermot.kelly/Dermot_primary/microbiome_data/CT_lambs_microbiome_raw_files/30819_1.fastq.gz	/home/dermot.kelly/Dermot_primary/microbiome_data/CT_lambs_microbiome_raw_files/30819_2.fastq.gz
30820	/home/dermot.kelly/Dermot_primary/microbiome_data/CT_lambs_microbiome_raw_files/30820_1.fastq.gz	/home/dermot.kelly/Dermot_primary/microbiome_data/CT_lambs_microbiome_raw_files/30820_2.fastq.gz
30822	/home/dermot.kelly/Dermot_primary/microbiome_data/CT_lambs_microbiome_raw_files/30822_1.fastq.gz	/home/dermot.kelly/Dermot_primary/microbiome_data/CT_lambs_microbiome_raw_files/30822_2.fastq.gz
30823	/home/dermot.kelly/Dermot_primary/microbiome_data/CT_lambs_microbiome_raw_files/30823_1.fastq.gz	/home/dermot.kelly/Dermot_primary/microbiome_data/CT_lambs_microbiome_raw_files/30823_2.fastq.gz
30825	/home/dermot.kelly/Dermot_primary/microbiome_data/CT_lambs_microbiome_raw_files/30825_1.fastq.gz	/home/dermot.kelly/Dermot_primary/microbiome_data/CT_lambs_microbiome_raw_files/30825_2.fastq.gz
30826	/home/dermot.kelly/Dermot_primary/microbiome_data/CT_lambs_microbiome_raw_files/30826_1.fastq.gz	/home/dermot.kelly/Dermot_primary/microbiome_data/CT_lambs_microbiome_raw_files/30826_2.fastq.gz
30827	/home/dermot.kelly/Dermot_primary/microbiome_data/CT_lambs_microbiome_raw_files/30827_1.fastq.gz	/home/dermot.kelly/Dermot_primary/microbiome_data/CT_lambs_microbiome_raw_files/30827_2.fastq.gz
30828	/home/dermot.kelly/Dermot_primary/microbiome_data/CT_lambs_microbiome_raw_files/30828_1.fastq.gz	/home/dermot.kelly/Dermot_primary/microbiome_data/CT_lambs_microbiome_raw_files/30828_2.fastq.gz
30829	/home/dermot.kelly/Dermot_primary/microbiome_data/CT_lambs_microbiome_raw_files/30829_1.fastq.gz	/home/dermot.kelly/Dermot_primary/microbiome_data/CT_lambs_microbiome_raw_files/30829_2.fastq.gz
30831	/home/dermot.kelly/Dermot_primary/microbiome_data/CT_lambs_microbiome_raw_files/30831_1.fastq.gz	/home/dermot.kelly/Dermot_primary/microbiome_data/CT_lambs_microbiome_raw_files/30831_2.fastq.gz
30834	/home/dermot.kelly/Dermot_primary/microbiome_data/CT_lambs_microbiome_raw_files/30834_1.fastq.gz	/home/dermot.kelly/Dermot_primary/microbiome_data/CT_lambs_microbiome_raw_files/30834_2.fastq.gz
30837	/home/dermot.kelly/Dermot_primary/microbiome_data/CT_lambs_microbiome_raw_files/30837_1.fastq.gz	/home/dermot.kelly/Dermot_primary/microbiome_data/CT_lambs_microbiome_raw_files/30837_2.fastq.gz
30839	/home/dermot.kelly/Dermot_primary/microbiome_data/CT_lambs_microbiome_raw_files/30839_1.fastq.gz	/home/dermot.kelly/Dermot_primary/microbiome_data/CT_lambs_microbiome_raw_files/30839_2.fastq.gz
30840	/home/dermot.kelly/Dermot_primary/microbiome_data/CT_lambs_microbiome_raw_files/30840_1.fastq.gz	/home/dermot.kelly/Dermot_primary/microbiome_data/CT_lambs_microbiome_raw_files/30840_2.fastq.gz
30842	/home/dermot.kelly/Dermot_primary/microbiome_data/CT_lambs_microbiome_raw_files/30842_1.fastq.gz	/home/dermot.kelly/Dermot_primary/microbiome_data/CT_lambs_microbiome_raw_files/30842_2.fastq.gz
30844	/home/dermot.kelly/Dermot_primary/microbiome_data/CT_lambs_microbiome_raw_files/30844_1.fastq.gz	/home/dermot.kelly/Dermot_primary/microbiome_data/CT_lambs_microbiome_raw_files/30844_2.fastq.gz
30854	/home/dermot.kelly/Dermot_primary/microbiome_data/CT_lambs_microbiome_raw_files/30854_1.fastq.gz	/home/dermot.kelly/Dermot_primary/microbiome_data/CT_lambs_microbiome_raw_files/30854_2.fastq.gz
30857	/home/dermot.kelly/Dermot_primary/microbiome_data/CT_lambs_microbiome_raw_files/30857_1.fastq.gz	/home/dermot.kelly/Dermot_primary/microbiome_data/CT_lambs_microbiome_raw_files/30857_2.fastq.gz
30862	/home/dermot.kelly/Dermot_primary/microbiome_data/CT_lambs_microbiome_raw_files/30862_1.fastq.gz	/home/dermot.kelly/Dermot_primary/microbiome_data/CT_lambs_microbiome_raw_files/30862_2.fastq.gz
30865	/home/dermot.kelly/Dermot_primary/microbiome_data/CT_lambs_microbiome_raw_files/30865_1.fastq.gz	/home/dermot.kelly/Dermot_primary/microbiome_data/CT_lambs_microbiome_raw_files/30865_2.fastq.gz
30866	/home/dermot.kelly/Dermot_primary/microbiome_data/CT_lambs_microbiome_raw_files/30866_1.fastq.gz	/home/dermot.kelly/Dermot_primary/microbiome_data/CT_lambs_microbiome_raw_files/30866_2.fastq.gz
30869	/home/dermot.kelly/Dermot_primary/microbiome_data/CT_lambs_microbiome_raw_files/30869_1.fastq.gz	/home/dermot.kelly/Dermot_primary/microbiome_data/CT_lambs_microbiome_raw_files/30869_2.fastq.gz
30876	/home/dermot.kelly/Dermot_primary/microbiome_data/CT_lambs_microbiome_raw_files/30876_1.fastq.gz	/home/dermot.kelly/Dermot_primary/microbiome_data/CT_lambs_microbiome_raw_files/30876_2.fastq.gz
30881	/home/dermot.kelly/Dermot_primary/microbiome_data/CT_lambs_microbiome_raw_files/30881_1.fastq.gz	/home/dermot.kelly/Dermot_primary/microbiome_data/CT_lambs_microbiome_raw_files/30881_2.fastq.gz
30882	/home/dermot.kelly/Dermot_primary/microbiome_data/CT_lambs_microbiome_raw_files/30882_1.fastq.gz	/home/dermot.kelly/Dermot_primary/microbiome_data/CT_lambs_microbiome_raw_files/30882_2.fastq.gz
30884	/home/dermot.kelly/Dermot_primary/microbiome_data/CT_lambs_microbiome_raw_files/30884_1.fastq.gz	/home/dermot.kelly/Dermot_primary/microbiome_data/CT_lambs_microbiome_raw_files/30884_2.fastq.gz
30891	/home/dermot.kelly/Dermot_primary/microbiome_data/CT_lambs_microbiome_raw_files/30891_1.fastq.gz	/home/dermot.kelly/Dermot_primary/microbiome_data/CT_lambs_microbiome_raw_files/30891_2.fastq.gz
30904	/home/dermot.kelly/Dermot_primary/microbiome_data/CT_lambs_microbiome_raw_files/30904_1.fastq.gz	/home/dermot.kelly/Dermot_primary/microbiome_data/CT_lambs_microbiome_raw_files/30904_2.fastq.gz
30940	/home/dermot.kelly/Dermot_primary/microbiome_data/CT_lambs_microbiome_raw_files/30940_1.fastq.gz	/home/dermot.kelly/Dermot_primary/microbiome_data/CT_lambs_microbiome_raw_files/30940_2.fastq.gz
30971	/home/dermot.kelly/Dermot_primary/microbiome_data/CT_lambs_microbiome_raw_files/30971_1.fastq.gz	/home/dermot.kelly/Dermot_primary/microbiome_data/CT_lambs_microbiome_raw_files/30971_2.fastq.gz
30981	/home/dermot.kelly/Dermot_primary/microbiome_data/CT_lambs_microbiome_raw_files/30981_1.fastq.gz	/home/dermot.kelly/Dermot_primary/microbiome_data/CT_lambs_microbiome_raw_files/30981_2.fastq.gz
30994	/home/dermot.kelly/Dermot_primary/microbiome_data/CT_lambs_microbiome_raw_files/30994_1.fastq.gz	/home/dermot.kelly/Dermot_primary/microbiome_data/CT_lambs_microbiome_raw_files/30994_2.fastq.gz
30998	/home/dermot.kelly/Dermot_primary/microbiome_data/CT_lambs_microbiome_raw_files/30998_1.fastq.gz	/home/dermot.kelly/Dermot_primary/microbiome_data/CT_lambs_microbiome_raw_files/30998_2.fastq.gz
3100876	/home/dermot.kelly/Dermot_primary/microbiome_data/CT_lambs_microbiome_raw_files/3100876_1.fastq.gz	/home/dermot.kelly/Dermot_primary/microbiome_data/CT_lambs_microbiome_raw_files/3100876_2.fastq.gz
3100877	/home/dermot.kelly/Dermot_primary/microbiome_data/CT_lambs_microbiome_raw_files/3100877_1.fastq.gz	/home/dermot.kelly/Dermot_primary/microbiome_data/CT_lambs_microbiome_raw_files/3100877_2.fastq.gz
3100879	/home/dermot.kelly/Dermot_primary/microbiome_data/CT_lambs_microbiome_raw_files/3100879_1.fastq.gz	/home/dermot.kelly/Dermot_primary/microbiome_data/CT_lambs_microbiome_raw_files/3100879_2.fastq.gz
7200876	/home/dermot.kelly/Dermot_primary/microbiome_data/CT_lambs_microbiome_raw_files/7200876_1.fastq.gz	/home/dermot.kelly/Dermot_primary/microbiome_data/CT_lambs_microbiome_raw_files/7200876_2.fastq.gz
7200879	/home/dermot.kelly/Dermot_primary/microbiome_data/CT_lambs_microbiome_raw_files/7200879_1.fastq.gz	/home/dermot.kelly/Dermot_primary/microbiome_data/CT_lambs_microbiome_raw_files/7200879_2.fastq.gz
